,0,1,2,3,4
0,duration,month,job,education,
1,duration,month,job,education,
2,duration,month,job,education,housing
3,duration,month,job,education,housing
4,duration,month,job,poutcome,
5,duration,month,job,poutcome,
6,duration,month,job,poutcome,
7,duration,month,job,poutcome,
8,duration,month,job,,
9,duration,month,job,,
10,duration,month,job,housing,campaign
11,duration,month,job,housing,campaign
12,duration,month,job,housing,
13,duration,month,job,,
14,duration,month,job,marital,
15,duration,month,job,marital,
16,duration,month,job,marital,
17,duration,month,job,,
18,duration,month,job,balance,
19,duration,month,job,balance,
20,duration,month,job,marital,housing
21,duration,month,job,marital,housing
22,duration,month,job,marital,day
23,duration,month,job,marital,day
24,duration,month,job,marital,
25,duration,month,job,,
26,duration,month,poutcome,job,
27,duration,month,poutcome,job,
28,duration,month,poutcome,job,
29,duration,month,poutcome,job,
30,duration,month,poutcome,job,marital
31,duration,month,poutcome,job,marital
32,duration,month,poutcome,job,marital
33,duration,month,poutcome,job,
34,duration,month,poutcome,job,
35,duration,month,poutcome,job,
36,duration,month,poutcome,job,contact
37,duration,month,poutcome,job,contact
38,duration,month,poutcome,job,marital
39,duration,month,poutcome,job,marital
40,duration,month,poutcome,job,marital
41,duration,month,poutcome,job,
42,duration,month,poutcome,day,
43,duration,month,poutcome,day,
44,duration,month,poutcome,balance,
45,duration,month,poutcome,balance,
46,duration,month,poutcome,job,
47,duration,month,poutcome,job,
48,duration,month,poutcome,job,
49,duration,month,poutcome,job,
50,duration,month,poutcome,job,
51,duration,month,poutcome,job,
52,duration,month,poutcome,job,
53,duration,month,poutcome,job,
54,duration,month,poutcome,job,
55,duration,month,poutcome,job,education
56,duration,month,poutcome,job,education
57,duration,month,poutcome,job,education
58,duration,month,poutcome,job,balance
59,duration,month,poutcome,job,balance
60,duration,month,job,,
61,duration,month,job,,
62,duration,month,job,,
63,duration,month,job,,
64,duration,month,job,,
65,duration,month,job,,
66,duration,month,job,,
67,duration,month,job,,
68,duration,month,job,,
69,duration,month,job,,
70,duration,month,job,,
71,duration,month,job,,
72,duration,month,job,poutcome,
73,duration,month,job,poutcome,
74,duration,month,job,poutcome,
75,duration,month,job,poutcome,campaign
76,duration,month,job,poutcome,campaign
77,duration,month,job,,
78,duration,month,job,,
79,duration,month,job,poutcome,
80,duration,month,job,poutcome,
81,duration,month,job,poutcome,age
82,duration,month,job,poutcome,age
83,duration,month,job,poutcome,marital
84,duration,month,job,poutcome,marital
85,duration,month,job,poutcome,marital
86,duration,month,job,housing,
87,duration,month,job,housing,education
88,duration,month,job,housing,education
89,duration,month,job,housing,education
90,duration,month,job,,
91,duration,month,job,,
92,duration,month,job,housing,
93,duration,month,job,housing,
94,duration,month,job,,
95,duration,month,job,day,
96,duration,month,job,day,
97,duration,month,job,,
98,duration,month,job,,
99,duration,month,job,,
100,duration,month,job,,
101,duration,month,job,marital,
102,duration,month,job,marital,
103,duration,month,job,marital,age
104,duration,month,job,marital,age
105,duration,month,job,,
106,duration,month,job,,
107,duration,month,job,,
108,duration,month,job,,
109,duration,month,job,,
110,duration,month,job,,
111,duration,month,day,job,balance
112,duration,month,day,job,balance
113,duration,month,day,job,contact
114,duration,month,day,job,contact
115,duration,month,day,job,loan
116,duration,month,day,job,loan
117,duration,month,day,job,
118,duration,month,day,job,balance
119,duration,month,day,job,balance
120,duration,month,day,job,
121,duration,month,day,job,
122,duration,month,day,job,
123,duration,month,day,job,
124,duration,month,day,job,
125,duration,month,day,job,
126,duration,month,day,,
127,duration,month,poutcome,job,
128,duration,month,poutcome,job,marital
129,duration,month,poutcome,job,marital
130,duration,month,poutcome,job,marital
131,duration,month,poutcome,job,
132,duration,month,poutcome,job,
133,duration,month,poutcome,job,
134,duration,month,poutcome,job,
135,duration,month,poutcome,job,
136,duration,month,poutcome,job,
137,duration,month,poutcome,job,
138,duration,month,poutcome,job,
139,duration,month,poutcome,job,
140,duration,month,poutcome,,
141,duration,month,poutcome,job,
142,duration,month,poutcome,job,
143,duration,month,poutcome,job,
144,duration,month,poutcome,job,
145,duration,month,poutcome,job,
146,duration,month,poutcome,job,
147,duration,month,poutcome,job,
148,duration,month,poutcome,job,
149,duration,month,poutcome,job,
150,duration,month,poutcome,job,
151,duration,month,poutcome,job,
152,duration,month,poutcome,education,
153,duration,month,poutcome,education,marital
154,duration,month,poutcome,education,marital
155,duration,month,poutcome,education,marital
156,duration,month,poutcome,education,job
157,duration,month,poutcome,education,job
158,duration,month,poutcome,education,job
159,duration,month,poutcome,education,job
160,duration,month,poutcome,education,job
161,duration,month,poutcome,education,job
162,duration,month,poutcome,education,job
163,duration,month,poutcome,education,job
164,duration,month,poutcome,education,job
165,duration,month,poutcome,education,job
166,duration,month,poutcome,education,job
167,duration,month,job,,
168,duration,month,job,,
169,duration,month,job,,
170,duration,month,job,,
171,duration,month,job,campaign,marital
172,duration,month,job,campaign,marital
173,duration,month,job,campaign,marital
174,duration,month,job,campaign,
175,duration,month,job,contact,
176,duration,month,job,contact,
177,duration,month,job,,
178,duration,month,job,,
179,duration,month,job,balance,
180,duration,month,job,balance,
181,duration,month,job,,
182,duration,month,job,marital,
183,duration,month,job,marital,
184,duration,month,job,marital,
185,duration,month,job,education,
186,duration,month,job,education,
187,duration,month,job,education,balance
188,duration,month,job,education,balance
189,duration,month,job,,
190,duration,month,job,,
191,duration,month,job,,
192,duration,month,job,poutcome,
193,duration,month,job,poutcome,
194,duration,month,job,poutcome,housing
195,duration,month,job,poutcome,housing
196,duration,month,job,poutcome,
197,duration,month,job,,
198,duration,month,job,,
199,duration,month,job,marital,
200,duration,month,job,marital,
201,duration,month,job,marital,day
202,duration,month,job,marital,day
203,duration,month,job,,
204,duration,month,job,,
205,duration,month,job,housing,campaign
206,duration,month,job,housing,campaign
207,duration,month,job,housing,
208,duration,month,day,job,
209,duration,month,day,job,age
210,duration,month,day,job,age
211,duration,month,day,job,
212,duration,month,day,job,
213,duration,month,day,job,campaign
214,duration,month,day,job,campaign
215,duration,month,day,job,
216,duration,month,day,job,
217,duration,month,day,job,
218,duration,month,day,job,
219,duration,month,day,job,
220,duration,month,day,job,
221,duration,month,day,job,
222,duration,month,day,job,housing
223,duration,month,day,job,housing
224,duration,month,day,job,
225,duration,month,day,job,
226,duration,month,day,job,
227,duration,month,day,job,
228,duration,month,day,job,
229,duration,month,day,job,
230,duration,month,day,job,
231,duration,month,day,job,
232,duration,month,day,job,
233,duration,month,job,age,
234,duration,month,job,age,
235,duration,month,job,,
236,duration,month,job,,
237,duration,month,job,education,
238,duration,month,job,education,
239,duration,month,job,education,
240,duration,month,job,age,
241,duration,month,job,age,day
242,duration,month,job,age,day
243,duration,month,job,balance,education
244,duration,month,job,balance,education
245,duration,month,job,balance,education
246,duration,month,job,balance,
247,duration,month,job,,
248,duration,month,job,,
249,duration,month,job,,
250,duration,month,job,marital,
251,duration,month,job,marital,
252,duration,month,job,marital,
253,duration,month,job,,
254,duration,month,job,,
255,duration,month,job,,
256,duration,month,job,,
257,duration,month,job,,
258,duration,month,job,campaign,
259,duration,month,job,campaign,
260,duration,month,job,education,
261,duration,month,job,education,balance
262,duration,month,job,education,balance
263,duration,month,job,education,
264,duration,month,job,,
265,duration,month,job,,
266,duration,month,job,balance,
267,duration,month,job,balance,campaign
268,duration,month,job,balance,campaign
269,duration,month,job,day,
270,duration,month,job,day,
271,duration,month,job,,
272,duration,poutcome,month,job,age
273,duration,poutcome,month,job,age
274,duration,poutcome,month,job,marital
275,duration,poutcome,month,job,marital
276,duration,poutcome,month,job,marital
277,duration,poutcome,month,job,
278,duration,poutcome,month,job,
279,duration,poutcome,month,job,default
280,duration,poutcome,month,job,default
281,duration,poutcome,month,job,
282,duration,poutcome,month,job,marital
283,duration,poutcome,month,job,marital
284,duration,poutcome,month,job,marital
285,duration,poutcome,month,job,
286,duration,poutcome,month,job,
287,duration,poutcome,month,job,marital
288,duration,poutcome,month,job,marital
289,duration,poutcome,month,job,marital
290,duration,poutcome,month,job,
291,duration,poutcome,month,job,
292,duration,poutcome,month,job,marital
293,duration,poutcome,month,job,marital
294,duration,poutcome,month,job,marital
295,duration,poutcome,month,job,
296,duration,poutcome,month,job,education
297,duration,poutcome,month,job,education
298,duration,poutcome,month,job,education
299,duration,poutcome,month,job,
300,duration,poutcome,month,job,
301,duration,poutcome,month,job,
302,duration,poutcome,month,job,
303,duration,poutcome,month,job,
304,duration,poutcome,month,job,age
305,duration,poutcome,month,job,age
306,duration,poutcome,month,job,
307,duration,poutcome,month,job,
308,duration,poutcome,month,job,
309,duration,poutcome,month,job,
310,duration,poutcome,month,job,
311,duration,poutcome,month,job,
312,duration,poutcome,month,job,
313,duration,poutcome,month,job,
314,duration,poutcome,month,job,
315,duration,poutcome,month,job,
316,duration,poutcome,month,job,
317,duration,poutcome,month,job,
318,duration,poutcome,month,job,
319,duration,poutcome,month,job,
320,duration,poutcome,month,job,
321,duration,poutcome,month,job,
322,duration,poutcome,month,job,
323,duration,poutcome,month,job,
324,duration,poutcome,month,job,
325,duration,poutcome,month,job,
326,duration,poutcome,month,job,
327,duration,poutcome,month,job,
328,duration,poutcome,month,job,
329,duration,poutcome,month,,
330,duration,poutcome,month,job,
331,duration,poutcome,month,job,
332,duration,poutcome,month,job,
333,duration,poutcome,month,job,
334,duration,poutcome,month,job,age
335,duration,poutcome,month,job,age
336,duration,poutcome,month,job,
337,duration,poutcome,month,job,
338,duration,poutcome,month,job,
339,duration,poutcome,month,job,
340,duration,poutcome,month,job,
341,duration,poutcome,month,job,
342,duration,poutcome,month,job,age
343,duration,poutcome,month,job,age
344,duration,poutcome,month,job,
345,duration,poutcome,month,job,
346,duration,poutcome,month,job,
347,duration,poutcome,month,job,housing
348,duration,poutcome,month,job,housing
349,duration,poutcome,month,job,
350,duration,poutcome,month,job,
351,duration,poutcome,month,job,
352,duration,poutcome,month,job,
353,duration,poutcome,month,job,age
354,duration,poutcome,month,job,age
355,duration,poutcome,month,job,
356,duration,poutcome,month,education,
357,duration,poutcome,month,education,
358,duration,poutcome,month,education,
359,duration,poutcome,month,job,day
360,duration,poutcome,month,job,day
361,duration,poutcome,month,job,housing
362,duration,poutcome,month,job,housing
363,duration,poutcome,month,job,marital
364,duration,poutcome,month,job,marital
365,duration,poutcome,month,job,marital
366,duration,poutcome,month,job,
367,duration,poutcome,month,job,balance
368,duration,poutcome,month,job,balance
369,duration,poutcome,month,job,
370,duration,poutcome,month,job,
371,duration,poutcome,month,job,day
372,duration,poutcome,month,job,day
373,duration,poutcome,month,job,
374,duration,poutcome,month,job,loan
375,duration,poutcome,month,job,loan
376,duration,poutcome,month,job,
377,duration,poutcome,month,job,marital
378,duration,poutcome,month,job,marital
379,duration,poutcome,month,job,marital
380,duration,poutcome,month,job,
381,duration,poutcome,month,job,
382,duration,poutcome,month,job,
383,duration,poutcome,month,job,balance
384,duration,poutcome,month,job,balance
385,duration,poutcome,month,job,
386,duration,poutcome,month,job,
387,duration,poutcome,month,job,
388,duration,poutcome,month,job,
389,duration,poutcome,month,job,education
390,duration,poutcome,month,job,education
391,duration,poutcome,month,job,education
392,duration,poutcome,month,job,
393,duration,poutcome,month,job,
394,duration,poutcome,month,job,
395,duration,poutcome,month,job,
396,duration,poutcome,month,job,
397,duration,poutcome,month,job,
398,duration,poutcome,month,job,
399,duration,poutcome,month,job,
400,duration,poutcome,month,job,
401,duration,poutcome,month,job,
402,duration,poutcome,month,job,housing
403,duration,poutcome,month,job,housing
404,duration,poutcome,month,job,
405,duration,poutcome,month,job,
406,duration,poutcome,month,job,
407,duration,poutcome,month,job,
408,duration,poutcome,month,job,
409,duration,poutcome,month,job,marital
410,duration,poutcome,month,job,marital
411,duration,poutcome,month,job,marital
412,duration,poutcome,month,job,
413,duration,poutcome,month,job,
414,duration,poutcome,month,job,
415,duration,poutcome,month,job,
416,duration,poutcome,month,job,
417,duration,poutcome,month,job,age
418,duration,poutcome,month,job,age
419,duration,poutcome,job,month,
420,duration,poutcome,job,month,
421,duration,poutcome,job,month,
422,duration,poutcome,job,month,
423,duration,poutcome,job,month,
424,duration,poutcome,job,month,
425,duration,poutcome,job,month,
426,duration,poutcome,job,month,
427,duration,poutcome,job,month,
428,duration,poutcome,job,month,
429,duration,poutcome,job,month,
430,duration,poutcome,job,month,
431,duration,poutcome,job,month,balance
432,duration,poutcome,job,month,balance
433,duration,poutcome,job,month,
434,duration,poutcome,job,month,
435,duration,poutcome,job,month,
436,duration,poutcome,job,month,
437,duration,poutcome,job,month,
438,duration,poutcome,job,month,
439,duration,poutcome,job,month,
440,duration,poutcome,job,month,
441,duration,poutcome,job,month,
442,duration,poutcome,job,month,
443,duration,poutcome,job,month,
444,duration,poutcome,job,,
445,duration,poutcome,job,,
446,duration,poutcome,job,month,day
447,duration,poutcome,job,month,day
448,duration,poutcome,job,month,age
449,duration,poutcome,job,month,age
450,duration,poutcome,job,month,
451,duration,poutcome,job,month,marital
452,duration,poutcome,job,month,marital
453,duration,poutcome,job,month,marital
454,duration,poutcome,job,month,
455,duration,poutcome,job,month,
456,duration,poutcome,job,month,
457,duration,poutcome,job,month,
458,duration,poutcome,job,month,campaign
459,duration,poutcome,job,month,campaign
460,duration,poutcome,job,month,
461,duration,poutcome,job,month,
462,duration,poutcome,job,month,
463,duration,poutcome,job,month,
464,duration,poutcome,job,month,
465,duration,poutcome,job,month,
466,duration,poutcome,job,month,
467,duration,poutcome,job,month,
468,duration,poutcome,job,month,
469,duration,poutcome,job,month,
470,duration,poutcome,job,month,
471,duration,poutcome,job,month,
472,duration,poutcome,job,month,
473,duration,poutcome,job,month,
474,duration,poutcome,job,month,
475,duration,poutcome,job,marital,
476,duration,poutcome,job,marital,
477,duration,poutcome,job,marital,
478,duration,poutcome,job,age,
479,duration,poutcome,job,age,marital
480,duration,poutcome,job,age,marital
481,duration,poutcome,job,age,marital
482,duration,poutcome,job,,
483,duration,poutcome,job,month,
484,duration,poutcome,job,month,
485,duration,poutcome,job,month,
486,duration,poutcome,job,month,
487,duration,poutcome,job,month,
488,duration,poutcome,job,month,
489,duration,poutcome,job,month,
490,duration,poutcome,job,month,
491,duration,poutcome,job,month,housing
492,duration,poutcome,job,month,housing
493,duration,poutcome,job,month,marital
494,duration,poutcome,job,month,marital
495,duration,poutcome,job,month,marital
496,duration,poutcome,job,month,
497,duration,poutcome,job,month,
498,duration,poutcome,job,,
499,duration,poutcome,month,campaign,day
500,duration,poutcome,month,campaign,day
501,duration,poutcome,month,campaign,
502,duration,poutcome,month,education,
503,duration,poutcome,month,education,
504,duration,poutcome,month,education,
505,duration,poutcome,month,,
506,duration,poutcome,month,age,
507,duration,poutcome,month,age,job
508,duration,poutcome,month,age,job
509,duration,poutcome,month,age,job
510,duration,poutcome,month,age,job
511,duration,poutcome,month,age,job
512,duration,poutcome,month,age,job
513,duration,poutcome,month,age,job
514,duration,poutcome,month,age,job
515,duration,poutcome,month,age,job
516,duration,poutcome,month,age,job
517,duration,poutcome,month,age,job
518,duration,poutcome,month,job,
519,duration,poutcome,month,job,
520,duration,poutcome,month,job,
521,duration,poutcome,month,job,
522,duration,poutcome,month,job,
523,duration,poutcome,month,job,
524,duration,poutcome,month,job,
525,duration,poutcome,month,job,
526,duration,poutcome,month,job,
527,duration,poutcome,month,job,
528,duration,poutcome,month,job,
529,duration,poutcome,month,age,
530,duration,poutcome,month,age,
531,duration,poutcome,month,job,
532,duration,poutcome,month,job,
533,duration,poutcome,month,job,
534,duration,poutcome,month,job,
535,duration,poutcome,month,job,
536,duration,poutcome,month,job,
537,duration,poutcome,month,job,
538,duration,poutcome,month,job,
539,duration,poutcome,month,job,
540,duration,poutcome,month,job,
541,duration,poutcome,month,job,
542,duration,poutcome,month,,
543,duration,poutcome,month,contact,job
544,duration,poutcome,month,contact,job
545,duration,poutcome,month,contact,job
546,duration,poutcome,month,contact,job
547,duration,poutcome,month,contact,job
548,duration,poutcome,month,contact,job
549,duration,poutcome,month,contact,job
550,duration,poutcome,month,contact,job
551,duration,poutcome,month,contact,job
552,duration,poutcome,month,contact,job
553,duration,poutcome,month,contact,job
554,duration,poutcome,month,contact,
555,duration,poutcome,month,job,
556,duration,poutcome,month,job,
557,duration,poutcome,month,job,
558,duration,poutcome,month,job,
559,duration,poutcome,month,job,age
560,duration,poutcome,month,job,age
561,duration,poutcome,month,job,
562,duration,poutcome,month,job,
563,duration,poutcome,month,job,
564,duration,poutcome,month,job,
565,duration,poutcome,month,job,
566,duration,poutcome,month,job,
567,duration,poutcome,month,job,
568,duration,poutcome,month,job,
569,duration,poutcome,month,job,
570,duration,poutcome,month,job,
571,duration,poutcome,month,job,
572,duration,poutcome,month,job,
573,duration,poutcome,month,job,
574,duration,poutcome,month,job,
575,duration,poutcome,month,job,
576,duration,poutcome,month,job,age
577,duration,poutcome,month,job,age
578,duration,poutcome,month,job,
579,duration,poutcome,month,,
580,duration,poutcome,month,housing,job
581,duration,poutcome,month,housing,job
582,duration,poutcome,month,housing,job
583,duration,poutcome,month,housing,job
584,duration,poutcome,month,housing,job
585,duration,poutcome,month,housing,job
586,duration,poutcome,month,housing,job
587,duration,poutcome,month,housing,job
588,duration,poutcome,month,housing,job
589,duration,poutcome,month,housing,job
590,duration,poutcome,month,housing,job
591,duration,poutcome,month,housing,job
592,duration,poutcome,month,housing,job
593,duration,poutcome,month,housing,job
594,duration,poutcome,month,housing,job
595,duration,poutcome,month,housing,job
596,duration,poutcome,month,housing,job
597,duration,poutcome,month,housing,job
598,duration,poutcome,month,housing,job
599,duration,poutcome,month,housing,job
600,duration,poutcome,month,housing,job
601,duration,poutcome,month,housing,job
602,duration,poutcome,month,job,day
603,duration,poutcome,month,job,day
604,duration,poutcome,month,job,education
605,duration,poutcome,month,job,education
606,duration,poutcome,month,job,education
607,duration,poutcome,month,job,age
608,duration,poutcome,month,job,age
609,duration,poutcome,month,job,
610,duration,poutcome,month,job,education
611,duration,poutcome,month,job,education
612,duration,poutcome,month,job,education
613,duration,poutcome,month,job,marital
614,duration,poutcome,month,job,marital
615,duration,poutcome,month,job,marital
616,duration,poutcome,month,job,marital
617,duration,poutcome,month,job,marital
618,duration,poutcome,month,job,marital
619,duration,poutcome,month,job,day
620,duration,poutcome,month,job,day
621,duration,poutcome,month,job,
622,duration,poutcome,month,job,day
623,duration,poutcome,month,job,day
624,duration,poutcome,month,job,age
625,duration,poutcome,month,job,age
626,duration,poutcome,month,job,
627,duration,poutcome,month,job,
628,duration,poutcome,month,job,
629,duration,poutcome,month,job,
630,duration,poutcome,month,job,
631,duration,poutcome,month,job,
632,duration,poutcome,month,job,education
633,duration,poutcome,month,job,education
634,duration,poutcome,month,job,education
635,duration,poutcome,month,job,
636,duration,poutcome,month,job,
637,duration,poutcome,month,job,
638,duration,poutcome,month,job,
639,duration,poutcome,month,day,job
640,duration,poutcome,month,day,job
641,duration,poutcome,month,day,job
642,duration,poutcome,month,day,job
643,duration,poutcome,month,day,job
644,duration,poutcome,month,day,job
645,duration,poutcome,month,day,job
646,duration,poutcome,month,day,job
647,duration,poutcome,month,day,job
648,duration,poutcome,month,day,job
649,duration,poutcome,month,day,job
650,duration,poutcome,month,day,job
651,duration,poutcome,month,day,job
652,duration,poutcome,month,day,job
653,duration,poutcome,month,day,job
654,duration,poutcome,month,day,job
655,duration,poutcome,month,day,job
656,duration,poutcome,month,day,job
657,duration,poutcome,month,day,job
658,duration,poutcome,month,day,job
659,duration,poutcome,month,day,job
660,duration,poutcome,month,day,job
661,duration,poutcome,month,day,job
662,duration,poutcome,month,day,job
663,duration,poutcome,month,day,job
664,duration,poutcome,month,day,job
665,duration,poutcome,month,day,job
666,duration,poutcome,month,day,job
667,duration,poutcome,month,day,job
668,duration,poutcome,month,day,job
669,duration,poutcome,month,day,job
670,duration,poutcome,month,day,job
671,duration,poutcome,month,day,job
672,duration,poutcome,month,day,job
673,duration,poutcome,month,day,job
674,duration,poutcome,month,day,job
675,duration,poutcome,month,day,job
676,duration,poutcome,month,day,job
677,duration,poutcome,month,day,job
678,duration,poutcome,month,day,job
679,duration,poutcome,month,day,job
680,duration,poutcome,month,day,job
681,duration,poutcome,month,day,job
682,duration,poutcome,month,day,job
683,duration,poutcome,month,job,contact
684,duration,poutcome,month,job,contact
685,duration,poutcome,month,job,contact
686,duration,poutcome,month,job,contact
687,duration,poutcome,month,job,marital
688,duration,poutcome,month,job,marital
689,duration,poutcome,month,job,marital
690,duration,poutcome,month,job,balance
691,duration,poutcome,month,job,balance
692,duration,poutcome,month,job,contact
693,duration,poutcome,month,job,contact
694,duration,poutcome,month,job,marital
695,duration,poutcome,month,job,marital
696,duration,poutcome,month,job,marital
697,duration,poutcome,month,job,marital
698,duration,poutcome,month,job,marital
699,duration,poutcome,month,job,marital
700,duration,poutcome,month,job,education
701,duration,poutcome,month,job,education
702,duration,poutcome,month,job,education
703,duration,poutcome,month,job,
704,duration,poutcome,month,job,marital
705,duration,poutcome,month,job,marital
706,duration,poutcome,month,job,marital
707,duration,poutcome,month,job,education
708,duration,poutcome,month,job,education
709,duration,poutcome,month,job,education
710,duration,poutcome,month,job,balance
711,duration,poutcome,month,job,balance
712,duration,poutcome,month,job,campaign
713,duration,poutcome,month,job,campaign
714,duration,poutcome,month,job,marital
715,duration,poutcome,month,job,marital
716,duration,poutcome,month,job,marital
717,duration,poutcome,month,job,age
718,duration,poutcome,month,job,age
719,duration,poutcome,month,job,education
720,duration,poutcome,month,job,education
721,duration,poutcome,month,job,education
722,duration,poutcome,month,job,contact
723,duration,poutcome,month,job,contact
724,duration,poutcome,month,job,marital
725,duration,poutcome,month,job,marital
726,duration,poutcome,month,job,marital
727,duration,poutcome,month,job,campaign
728,duration,poutcome,month,job,campaign
729,duration,poutcome,month,job,
730,duration,poutcome,month,job,day
731,duration,poutcome,month,job,day
732,duration,poutcome,month,job,marital
733,duration,poutcome,month,job,marital
734,duration,poutcome,month,job,marital
735,duration,poutcome,month,marital,
736,duration,poutcome,month,marital,day
737,duration,poutcome,month,marital,day
738,duration,poutcome,month,marital,
739,duration,poutcome,month,education,campaign
740,duration,poutcome,month,education,campaign
741,duration,poutcome,month,education,job
742,duration,poutcome,month,education,job
743,duration,poutcome,month,education,job
744,duration,poutcome,month,education,job
745,duration,poutcome,month,education,job
746,duration,poutcome,month,education,job
747,duration,poutcome,month,education,job
748,duration,poutcome,month,education,job
749,duration,poutcome,month,education,job
750,duration,poutcome,month,education,job
751,duration,poutcome,month,education,job
752,duration,poutcome,month,education,balance
753,duration,poutcome,month,education,balance
754,duration,poutcome,month,job,housing
755,duration,poutcome,month,job,housing
756,duration,poutcome,month,job,
757,duration,poutcome,month,job,education
758,duration,poutcome,month,job,education
759,duration,poutcome,month,job,education
760,duration,poutcome,month,job,
761,duration,poutcome,month,job,campaign
762,duration,poutcome,month,job,campaign
763,duration,poutcome,month,job,education
764,duration,poutcome,month,job,education
765,duration,poutcome,month,job,education
766,duration,poutcome,month,job,marital
767,duration,poutcome,month,job,marital
768,duration,poutcome,month,job,marital
769,duration,poutcome,month,job,balance
770,duration,poutcome,month,job,balance
771,duration,poutcome,month,job,
772,duration,poutcome,month,job,marital
773,duration,poutcome,month,job,marital
774,duration,poutcome,month,job,marital
775,duration,poutcome,month,job,
776,duration,poutcome,month,job,age
777,duration,poutcome,month,job,age
778,duration,poutcome,month,job,
779,duration,poutcome,month,job,
780,duration,poutcome,month,job,
781,duration,poutcome,month,job,marital
782,duration,poutcome,month,job,marital
783,duration,poutcome,month,job,marital
784,duration,poutcome,month,job,marital
785,duration,poutcome,month,job,marital
786,duration,poutcome,month,job,marital
787,duration,poutcome,month,job,
788,duration,poutcome,month,job,
789,duration,poutcome,month,job,
790,duration,poutcome,month,job,
791,duration,poutcome,month,job,
792,duration,poutcome,month,job,marital
793,duration,poutcome,month,job,marital
794,duration,poutcome,month,job,marital
795,duration,poutcome,month,job,
796,duration,poutcome,month,job,
797,duration,poutcome,month,job,
798,duration,poutcome,month,job,age
799,duration,poutcome,month,job,age
800,duration,poutcome,month,job,
801,duration,poutcome,month,job,
802,duration,poutcome,month,job,
803,duration,poutcome,month,job,
804,duration,poutcome,month,job,
805,duration,poutcome,month,job,
0,lower,apr,admin.,primary,
1,lower,apr,admin.,secondary,
2,lower,apr,admin.,tertiary,no
3,lower,apr,admin.,tertiary,yes
4,lower,apr,blue-collar,failure,
5,lower,apr,blue-collar,other,
6,lower,apr,blue-collar,success,
7,lower,apr,blue-collar,unknown,
8,lower,apr,entrepreneur,,
9,lower,apr,housemaid,,
10,lower,apr,management,no,lower
11,lower,apr,management,no,upper
12,lower,apr,management,yes,
13,lower,apr,retired,,
14,lower,apr,self-employed,divorced,
15,lower,apr,self-employed,married,
16,lower,apr,self-employed,single,
17,lower,apr,services,,
18,lower,apr,student,lower,
19,lower,apr,student,upper,
20,lower,apr,technician,divorced,no
21,lower,apr,technician,divorced,yes
22,lower,apr,technician,married,lower
23,lower,apr,technician,married,upper
24,lower,apr,technician,single,
25,lower,apr,unemployed,,
26,lower,aug,failure,admin.,
27,lower,aug,failure,blue-collar,
28,lower,aug,failure,entrepreneur,
29,lower,aug,failure,housemaid,
30,lower,aug,failure,management,divorced
31,lower,aug,failure,management,married
32,lower,aug,failure,management,single
33,lower,aug,failure,retired,
34,lower,aug,failure,self-employed,
35,lower,aug,failure,services,
36,lower,aug,failure,student,cellular
37,lower,aug,failure,student,telephone
38,lower,aug,failure,technician,divorced
39,lower,aug,failure,technician,married
40,lower,aug,failure,technician,single
41,lower,aug,failure,unemployed,
42,lower,aug,other,lower,
43,lower,aug,other,upper,
44,lower,aug,success,lower,
45,lower,aug,success,upper,
46,lower,aug,unknown,admin.,
47,lower,aug,unknown,blue-collar,
48,lower,aug,unknown,entrepreneur,
49,lower,aug,unknown,housemaid,
50,lower,aug,unknown,management,
51,lower,aug,unknown,retired,
52,lower,aug,unknown,self-employed,
53,lower,aug,unknown,services,
54,lower,aug,unknown,student,
55,lower,aug,unknown,technician,primary
56,lower,aug,unknown,technician,secondary
57,lower,aug,unknown,technician,tertiary
58,lower,aug,unknown,unemployed,lower
59,lower,aug,unknown,unemployed,upper
60,lower,dec,admin.,,
61,lower,dec,blue-collar,,
62,lower,dec,entrepreneur,,
63,lower,dec,housemaid,,
64,lower,dec,management,,
65,lower,dec,retired,,
66,lower,dec,self-employed,,
67,lower,dec,services,,
68,lower,dec,student,,
69,lower,dec,technician,,
70,lower,dec,unemployed,,
71,lower,feb,admin.,,
72,lower,feb,blue-collar,failure,
73,lower,feb,blue-collar,other,
74,lower,feb,blue-collar,success,
75,lower,feb,blue-collar,unknown,lower
76,lower,feb,blue-collar,unknown,upper
77,lower,feb,entrepreneur,,
78,lower,feb,housemaid,,
79,lower,feb,management,failure,
80,lower,feb,management,other,
81,lower,feb,management,success,lower
82,lower,feb,management,success,upper
83,lower,feb,management,unknown,divorced
84,lower,feb,management,unknown,married
85,lower,feb,management,unknown,single
86,lower,feb,retired,no,
87,lower,feb,retired,yes,primary
88,lower,feb,retired,yes,secondary
89,lower,feb,retired,yes,tertiary
90,lower,feb,self-employed,,
91,lower,feb,services,,
92,lower,feb,student,no,
93,lower,feb,student,yes,
94,lower,feb,technician,,
95,lower,feb,unemployed,lower,
96,lower,feb,unemployed,upper,
97,lower,jan,admin.,,
98,lower,jan,blue-collar,,
99,lower,jan,entrepreneur,,
100,lower,jan,housemaid,,
101,lower,jan,management,divorced,
102,lower,jan,management,married,
103,lower,jan,management,single,lower
104,lower,jan,management,single,upper
105,lower,jan,retired,,
106,lower,jan,self-employed,,
107,lower,jan,services,,
108,lower,jan,student,,
109,lower,jan,technician,,
110,lower,jan,unemployed,,
111,lower,jul,lower,admin.,lower
112,lower,jul,lower,admin.,upper
113,lower,jul,lower,blue-collar,cellular
114,lower,jul,lower,blue-collar,telephone
115,lower,jul,lower,entrepreneur,no
116,lower,jul,lower,entrepreneur,yes
117,lower,jul,lower,housemaid,
118,lower,jul,lower,management,lower
119,lower,jul,lower,management,upper
120,lower,jul,lower,retired,
121,lower,jul,lower,self-employed,
122,lower,jul,lower,services,
123,lower,jul,lower,student,
124,lower,jul,lower,technician,
125,lower,jul,lower,unemployed,
126,lower,jul,upper,,
127,lower,jun,failure,admin.,
128,lower,jun,failure,blue-collar,divorced
129,lower,jun,failure,blue-collar,married
130,lower,jun,failure,blue-collar,single
131,lower,jun,failure,entrepreneur,
132,lower,jun,failure,housemaid,
133,lower,jun,failure,management,
134,lower,jun,failure,retired,
135,lower,jun,failure,self-employed,
136,lower,jun,failure,services,
137,lower,jun,failure,student,
138,lower,jun,failure,technician,
139,lower,jun,failure,unemployed,
140,lower,jun,other,,
141,lower,jun,success,admin.,
142,lower,jun,success,blue-collar,
143,lower,jun,success,entrepreneur,
144,lower,jun,success,housemaid,
145,lower,jun,success,management,
146,lower,jun,success,retired,
147,lower,jun,success,self-employed,
148,lower,jun,success,services,
149,lower,jun,success,student,
150,lower,jun,success,technician,
151,lower,jun,success,unemployed,
152,lower,jun,unknown,primary,
153,lower,jun,unknown,secondary,divorced
154,lower,jun,unknown,secondary,married
155,lower,jun,unknown,secondary,single
156,lower,jun,unknown,tertiary,admin.
157,lower,jun,unknown,tertiary,blue-collar
158,lower,jun,unknown,tertiary,entrepreneur
159,lower,jun,unknown,tertiary,housemaid
160,lower,jun,unknown,tertiary,management
161,lower,jun,unknown,tertiary,retired
162,lower,jun,unknown,tertiary,self-employed
163,lower,jun,unknown,tertiary,services
164,lower,jun,unknown,tertiary,student
165,lower,jun,unknown,tertiary,technician
166,lower,jun,unknown,tertiary,unemployed
167,lower,mar,admin.,,
168,lower,mar,blue-collar,,
169,lower,mar,entrepreneur,,
170,lower,mar,housemaid,,
171,lower,mar,management,lower,divorced
172,lower,mar,management,lower,married
173,lower,mar,management,lower,single
174,lower,mar,management,upper,
175,lower,mar,retired,cellular,
176,lower,mar,retired,telephone,
177,lower,mar,self-employed,,
178,lower,mar,services,,
179,lower,mar,student,lower,
180,lower,mar,student,upper,
181,lower,mar,technician,,
182,lower,mar,unemployed,divorced,
183,lower,mar,unemployed,married,
184,lower,mar,unemployed,single,
185,lower,may,admin.,primary,
186,lower,may,admin.,secondary,
187,lower,may,admin.,tertiary,lower
188,lower,may,admin.,tertiary,upper
189,lower,may,blue-collar,,
190,lower,may,entrepreneur,,
191,lower,may,housemaid,,
192,lower,may,management,failure,
193,lower,may,management,other,
194,lower,may,management,success,no
195,lower,may,management,success,yes
196,lower,may,management,unknown,
197,lower,may,retired,,
198,lower,may,self-employed,,
199,lower,may,services,divorced,
200,lower,may,services,married,
201,lower,may,services,single,lower
202,lower,may,services,single,upper
203,lower,may,student,,
204,lower,may,technician,,
205,lower,may,unemployed,no,lower
206,lower,may,unemployed,no,upper
207,lower,may,unemployed,yes,
208,lower,nov,lower,admin.,
209,lower,nov,lower,blue-collar,lower
210,lower,nov,lower,blue-collar,upper
211,lower,nov,lower,entrepreneur,
212,lower,nov,lower,housemaid,
213,lower,nov,lower,management,lower
214,lower,nov,lower,management,upper
215,lower,nov,lower,retired,
216,lower,nov,lower,self-employed,
217,lower,nov,lower,services,
218,lower,nov,lower,student,
219,lower,nov,lower,technician,
220,lower,nov,lower,unemployed,
221,lower,nov,upper,admin.,
222,lower,nov,upper,blue-collar,no
223,lower,nov,upper,blue-collar,yes
224,lower,nov,upper,entrepreneur,
225,lower,nov,upper,housemaid,
226,lower,nov,upper,management,
227,lower,nov,upper,retired,
228,lower,nov,upper,self-employed,
229,lower,nov,upper,services,
230,lower,nov,upper,student,
231,lower,nov,upper,technician,
232,lower,nov,upper,unemployed,
233,lower,oct,admin.,lower,
234,lower,oct,admin.,upper,
235,lower,oct,blue-collar,,
236,lower,oct,entrepreneur,,
237,lower,oct,housemaid,primary,
238,lower,oct,housemaid,secondary,
239,lower,oct,housemaid,tertiary,
240,lower,oct,management,lower,
241,lower,oct,management,upper,lower
242,lower,oct,management,upper,upper
243,lower,oct,retired,lower,primary
244,lower,oct,retired,lower,secondary
245,lower,oct,retired,lower,tertiary
246,lower,oct,retired,upper,
247,lower,oct,self-employed,,
248,lower,oct,services,,
249,lower,oct,student,,
250,lower,oct,technician,divorced,
251,lower,oct,technician,married,
252,lower,oct,technician,single,
253,lower,oct,unemployed,,
254,lower,sep,admin.,,
255,lower,sep,blue-collar,,
256,lower,sep,entrepreneur,,
257,lower,sep,housemaid,,
258,lower,sep,management,lower,
259,lower,sep,management,upper,
260,lower,sep,retired,primary,
261,lower,sep,retired,secondary,lower
262,lower,sep,retired,secondary,upper
263,lower,sep,retired,tertiary,
264,lower,sep,self-employed,,
265,lower,sep,services,,
266,lower,sep,student,lower,
267,lower,sep,student,upper,lower
268,lower,sep,student,upper,upper
269,lower,sep,technician,lower,
270,lower,sep,technician,upper,
271,lower,sep,unemployed,,
272,upper,failure,apr,admin.,lower
273,upper,failure,apr,admin.,upper
274,upper,failure,apr,blue-collar,divorced
275,upper,failure,apr,blue-collar,married
276,upper,failure,apr,blue-collar,single
277,upper,failure,apr,entrepreneur,
278,upper,failure,apr,housemaid,
279,upper,failure,apr,management,no
280,upper,failure,apr,management,yes
281,upper,failure,apr,retired,
282,upper,failure,apr,self-employed,divorced
283,upper,failure,apr,self-employed,married
284,upper,failure,apr,self-employed,single
285,upper,failure,apr,services,
286,upper,failure,apr,student,
287,upper,failure,apr,technician,divorced
288,upper,failure,apr,technician,married
289,upper,failure,apr,technician,single
290,upper,failure,apr,unemployed,
291,upper,failure,aug,admin.,
292,upper,failure,aug,blue-collar,divorced
293,upper,failure,aug,blue-collar,married
294,upper,failure,aug,blue-collar,single
295,upper,failure,aug,entrepreneur,
296,upper,failure,aug,housemaid,primary
297,upper,failure,aug,housemaid,secondary
298,upper,failure,aug,housemaid,tertiary
299,upper,failure,aug,management,
300,upper,failure,aug,retired,
301,upper,failure,aug,self-employed,
302,upper,failure,aug,services,
303,upper,failure,aug,student,
304,upper,failure,aug,technician,lower
305,upper,failure,aug,technician,upper
306,upper,failure,aug,unemployed,
307,upper,failure,dec,admin.,
308,upper,failure,dec,blue-collar,
309,upper,failure,dec,entrepreneur,
310,upper,failure,dec,housemaid,
311,upper,failure,dec,management,
312,upper,failure,dec,retired,
313,upper,failure,dec,self-employed,
314,upper,failure,dec,services,
315,upper,failure,dec,student,
316,upper,failure,dec,technician,
317,upper,failure,dec,unemployed,
318,upper,failure,feb,admin.,
319,upper,failure,feb,blue-collar,
320,upper,failure,feb,entrepreneur,
321,upper,failure,feb,housemaid,
322,upper,failure,feb,management,
323,upper,failure,feb,retired,
324,upper,failure,feb,self-employed,
325,upper,failure,feb,services,
326,upper,failure,feb,student,
327,upper,failure,feb,technician,
328,upper,failure,feb,unemployed,
329,upper,failure,jan,,
330,upper,failure,jul,admin.,
331,upper,failure,jul,blue-collar,
332,upper,failure,jul,entrepreneur,
333,upper,failure,jul,housemaid,
334,upper,failure,jul,management,lower
335,upper,failure,jul,management,upper
336,upper,failure,jul,retired,
337,upper,failure,jul,self-employed,
338,upper,failure,jul,services,
339,upper,failure,jul,student,
340,upper,failure,jul,technician,
341,upper,failure,jul,unemployed,
342,upper,failure,jun,admin.,lower
343,upper,failure,jun,admin.,upper
344,upper,failure,jun,blue-collar,
345,upper,failure,jun,entrepreneur,
346,upper,failure,jun,housemaid,
347,upper,failure,jun,management,no
348,upper,failure,jun,management,yes
349,upper,failure,jun,retired,
350,upper,failure,jun,self-employed,
351,upper,failure,jun,services,
352,upper,failure,jun,student,
353,upper,failure,jun,technician,lower
354,upper,failure,jun,technician,upper
355,upper,failure,jun,unemployed,
356,upper,failure,mar,primary,
357,upper,failure,mar,secondary,
358,upper,failure,mar,tertiary,
359,upper,failure,may,admin.,lower
360,upper,failure,may,admin.,upper
361,upper,failure,may,blue-collar,no
362,upper,failure,may,blue-collar,yes
363,upper,failure,may,entrepreneur,divorced
364,upper,failure,may,entrepreneur,married
365,upper,failure,may,entrepreneur,single
366,upper,failure,may,housemaid,
367,upper,failure,may,management,lower
368,upper,failure,may,management,upper
369,upper,failure,may,retired,
370,upper,failure,may,self-employed,
371,upper,failure,may,services,lower
372,upper,failure,may,services,upper
373,upper,failure,may,student,
374,upper,failure,may,technician,no
375,upper,failure,may,technician,yes
376,upper,failure,may,unemployed,
377,upper,failure,nov,admin.,divorced
378,upper,failure,nov,admin.,married
379,upper,failure,nov,admin.,single
380,upper,failure,nov,blue-collar,
381,upper,failure,nov,entrepreneur,
382,upper,failure,nov,housemaid,
383,upper,failure,nov,management,lower
384,upper,failure,nov,management,upper
385,upper,failure,nov,retired,
386,upper,failure,nov,self-employed,
387,upper,failure,nov,services,
388,upper,failure,nov,student,
389,upper,failure,nov,technician,primary
390,upper,failure,nov,technician,secondary
391,upper,failure,nov,technician,tertiary
392,upper,failure,nov,unemployed,
393,upper,failure,oct,admin.,
394,upper,failure,oct,blue-collar,
395,upper,failure,oct,entrepreneur,
396,upper,failure,oct,housemaid,
397,upper,failure,oct,management,
398,upper,failure,oct,retired,
399,upper,failure,oct,self-employed,
400,upper,failure,oct,services,
401,upper,failure,oct,student,
402,upper,failure,oct,technician,no
403,upper,failure,oct,technician,yes
404,upper,failure,oct,unemployed,
405,upper,failure,sep,admin.,
406,upper,failure,sep,blue-collar,
407,upper,failure,sep,entrepreneur,
408,upper,failure,sep,housemaid,
409,upper,failure,sep,management,divorced
410,upper,failure,sep,management,married
411,upper,failure,sep,management,single
412,upper,failure,sep,retired,
413,upper,failure,sep,self-employed,
414,upper,failure,sep,services,
415,upper,failure,sep,student,
416,upper,failure,sep,technician,
417,upper,failure,sep,unemployed,lower
418,upper,failure,sep,unemployed,upper
419,upper,other,admin.,apr,
420,upper,other,admin.,aug,
421,upper,other,admin.,dec,
422,upper,other,admin.,feb,
423,upper,other,admin.,jan,
424,upper,other,admin.,jul,
425,upper,other,admin.,jun,
426,upper,other,admin.,mar,
427,upper,other,admin.,may,
428,upper,other,admin.,nov,
429,upper,other,admin.,oct,
430,upper,other,admin.,sep,
431,upper,other,blue-collar,apr,lower
432,upper,other,blue-collar,apr,upper
433,upper,other,blue-collar,aug,
434,upper,other,blue-collar,dec,
435,upper,other,blue-collar,feb,
436,upper,other,blue-collar,jan,
437,upper,other,blue-collar,jul,
438,upper,other,blue-collar,jun,
439,upper,other,blue-collar,mar,
440,upper,other,blue-collar,may,
441,upper,other,blue-collar,nov,
442,upper,other,blue-collar,oct,
443,upper,other,blue-collar,sep,
444,upper,other,entrepreneur,,
445,upper,other,housemaid,,
446,upper,other,management,apr,lower
447,upper,other,management,apr,upper
448,upper,other,management,aug,lower
449,upper,other,management,aug,upper
450,upper,other,management,dec,
451,upper,other,management,feb,divorced
452,upper,other,management,feb,married
453,upper,other,management,feb,single
454,upper,other,management,jan,
455,upper,other,management,jul,
456,upper,other,management,jun,
457,upper,other,management,mar,
458,upper,other,management,may,lower
459,upper,other,management,may,upper
460,upper,other,management,nov,
461,upper,other,management,oct,
462,upper,other,management,sep,
463,upper,other,retired,apr,
464,upper,other,retired,aug,
465,upper,other,retired,dec,
466,upper,other,retired,feb,
467,upper,other,retired,jan,
468,upper,other,retired,jul,
469,upper,other,retired,jun,
470,upper,other,retired,mar,
471,upper,other,retired,may,
472,upper,other,retired,nov,
473,upper,other,retired,oct,
474,upper,other,retired,sep,
475,upper,other,self-employed,divorced,
476,upper,other,self-employed,married,
477,upper,other,self-employed,single,
478,upper,other,services,lower,
479,upper,other,services,upper,divorced
480,upper,other,services,upper,married
481,upper,other,services,upper,single
482,upper,other,student,,
483,upper,other,technician,apr,
484,upper,other,technician,aug,
485,upper,other,technician,dec,
486,upper,other,technician,feb,
487,upper,other,technician,jan,
488,upper,other,technician,jul,
489,upper,other,technician,jun,
490,upper,other,technician,mar,
491,upper,other,technician,may,no
492,upper,other,technician,may,yes
493,upper,other,technician,nov,divorced
494,upper,other,technician,nov,married
495,upper,other,technician,nov,single
496,upper,other,technician,oct,
497,upper,other,technician,sep,
498,upper,other,unemployed,,
499,upper,success,apr,lower,lower
500,upper,success,apr,lower,upper
501,upper,success,apr,upper,
502,upper,success,aug,primary,
503,upper,success,aug,secondary,
504,upper,success,aug,tertiary,
505,upper,success,dec,,
506,upper,success,feb,lower,
507,upper,success,feb,upper,admin.
508,upper,success,feb,upper,blue-collar
509,upper,success,feb,upper,entrepreneur
510,upper,success,feb,upper,housemaid
511,upper,success,feb,upper,management
512,upper,success,feb,upper,retired
513,upper,success,feb,upper,self-employed
514,upper,success,feb,upper,services
515,upper,success,feb,upper,student
516,upper,success,feb,upper,technician
517,upper,success,feb,upper,unemployed
518,upper,success,jan,admin.,
519,upper,success,jan,blue-collar,
520,upper,success,jan,entrepreneur,
521,upper,success,jan,housemaid,
522,upper,success,jan,management,
523,upper,success,jan,retired,
524,upper,success,jan,self-employed,
525,upper,success,jan,services,
526,upper,success,jan,student,
527,upper,success,jan,technician,
528,upper,success,jan,unemployed,
529,upper,success,jul,lower,
530,upper,success,jul,upper,
531,upper,success,jun,admin.,
532,upper,success,jun,blue-collar,
533,upper,success,jun,entrepreneur,
534,upper,success,jun,housemaid,
535,upper,success,jun,management,
536,upper,success,jun,retired,
537,upper,success,jun,self-employed,
538,upper,success,jun,services,
539,upper,success,jun,student,
540,upper,success,jun,technician,
541,upper,success,jun,unemployed,
542,upper,success,mar,,
543,upper,success,may,cellular,admin.
544,upper,success,may,cellular,blue-collar
545,upper,success,may,cellular,entrepreneur
546,upper,success,may,cellular,housemaid
547,upper,success,may,cellular,management
548,upper,success,may,cellular,retired
549,upper,success,may,cellular,self-employed
550,upper,success,may,cellular,services
551,upper,success,may,cellular,student
552,upper,success,may,cellular,technician
553,upper,success,may,cellular,unemployed
554,upper,success,may,telephone,
555,upper,success,nov,admin.,
556,upper,success,nov,blue-collar,
557,upper,success,nov,entrepreneur,
558,upper,success,nov,housemaid,
559,upper,success,nov,management,lower
560,upper,success,nov,management,upper
561,upper,success,nov,retired,
562,upper,success,nov,self-employed,
563,upper,success,nov,services,
564,upper,success,nov,student,
565,upper,success,nov,technician,
566,upper,success,nov,unemployed,
567,upper,success,oct,admin.,
568,upper,success,oct,blue-collar,
569,upper,success,oct,entrepreneur,
570,upper,success,oct,housemaid,
571,upper,success,oct,management,
572,upper,success,oct,retired,
573,upper,success,oct,self-employed,
574,upper,success,oct,services,
575,upper,success,oct,student,
576,upper,success,oct,technician,lower
577,upper,success,oct,technician,upper
578,upper,success,oct,unemployed,
579,upper,success,sep,,
580,upper,unknown,apr,no,admin.
581,upper,unknown,apr,no,blue-collar
582,upper,unknown,apr,no,entrepreneur
583,upper,unknown,apr,no,housemaid
584,upper,unknown,apr,no,management
585,upper,unknown,apr,no,retired
586,upper,unknown,apr,no,self-employed
587,upper,unknown,apr,no,services
588,upper,unknown,apr,no,student
589,upper,unknown,apr,no,technician
590,upper,unknown,apr,no,unemployed
591,upper,unknown,apr,yes,admin.
592,upper,unknown,apr,yes,blue-collar
593,upper,unknown,apr,yes,entrepreneur
594,upper,unknown,apr,yes,housemaid
595,upper,unknown,apr,yes,management
596,upper,unknown,apr,yes,retired
597,upper,unknown,apr,yes,self-employed
598,upper,unknown,apr,yes,services
599,upper,unknown,apr,yes,student
600,upper,unknown,apr,yes,technician
601,upper,unknown,apr,yes,unemployed
602,upper,unknown,aug,admin.,lower
603,upper,unknown,aug,admin.,upper
604,upper,unknown,aug,blue-collar,primary
605,upper,unknown,aug,blue-collar,secondary
606,upper,unknown,aug,blue-collar,tertiary
607,upper,unknown,aug,entrepreneur,lower
608,upper,unknown,aug,entrepreneur,upper
609,upper,unknown,aug,housemaid,
610,upper,unknown,aug,management,primary
611,upper,unknown,aug,management,secondary
612,upper,unknown,aug,management,tertiary
613,upper,unknown,aug,retired,divorced
614,upper,unknown,aug,retired,married
615,upper,unknown,aug,retired,single
616,upper,unknown,aug,self-employed,divorced
617,upper,unknown,aug,self-employed,married
618,upper,unknown,aug,self-employed,single
619,upper,unknown,aug,services,lower
620,upper,unknown,aug,services,upper
621,upper,unknown,aug,student,
622,upper,unknown,aug,technician,lower
623,upper,unknown,aug,technician,upper
624,upper,unknown,aug,unemployed,lower
625,upper,unknown,aug,unemployed,upper
626,upper,unknown,dec,admin.,
627,upper,unknown,dec,blue-collar,
628,upper,unknown,dec,entrepreneur,
629,upper,unknown,dec,housemaid,
630,upper,unknown,dec,management,
631,upper,unknown,dec,retired,
632,upper,unknown,dec,self-employed,primary
633,upper,unknown,dec,self-employed,secondary
634,upper,unknown,dec,self-employed,tertiary
635,upper,unknown,dec,services,
636,upper,unknown,dec,student,
637,upper,unknown,dec,technician,
638,upper,unknown,dec,unemployed,
639,upper,unknown,feb,lower,admin.
640,upper,unknown,feb,lower,blue-collar
641,upper,unknown,feb,lower,entrepreneur
642,upper,unknown,feb,lower,housemaid
643,upper,unknown,feb,lower,management
644,upper,unknown,feb,lower,retired
645,upper,unknown,feb,lower,self-employed
646,upper,unknown,feb,lower,services
647,upper,unknown,feb,lower,student
648,upper,unknown,feb,lower,technician
649,upper,unknown,feb,lower,unemployed
650,upper,unknown,feb,upper,admin.
651,upper,unknown,feb,upper,blue-collar
652,upper,unknown,feb,upper,entrepreneur
653,upper,unknown,feb,upper,housemaid
654,upper,unknown,feb,upper,management
655,upper,unknown,feb,upper,retired
656,upper,unknown,feb,upper,self-employed
657,upper,unknown,feb,upper,services
658,upper,unknown,feb,upper,student
659,upper,unknown,feb,upper,technician
660,upper,unknown,feb,upper,unemployed
661,upper,unknown,jan,lower,admin.
662,upper,unknown,jan,lower,blue-collar
663,upper,unknown,jan,lower,entrepreneur
664,upper,unknown,jan,lower,housemaid
665,upper,unknown,jan,lower,management
666,upper,unknown,jan,lower,retired
667,upper,unknown,jan,lower,self-employed
668,upper,unknown,jan,lower,services
669,upper,unknown,jan,lower,student
670,upper,unknown,jan,lower,technician
671,upper,unknown,jan,lower,unemployed
672,upper,unknown,jan,upper,admin.
673,upper,unknown,jan,upper,blue-collar
674,upper,unknown,jan,upper,entrepreneur
675,upper,unknown,jan,upper,housemaid
676,upper,unknown,jan,upper,management
677,upper,unknown,jan,upper,retired
678,upper,unknown,jan,upper,self-employed
679,upper,unknown,jan,upper,services
680,upper,unknown,jan,upper,student
681,upper,unknown,jan,upper,technician
682,upper,unknown,jan,upper,unemployed
683,upper,unknown,jul,admin.,cellular
684,upper,unknown,jul,admin.,telephone
685,upper,unknown,jul,blue-collar,cellular
686,upper,unknown,jul,blue-collar,telephone
687,upper,unknown,jul,entrepreneur,divorced
688,upper,unknown,jul,entrepreneur,married
689,upper,unknown,jul,entrepreneur,single
690,upper,unknown,jul,housemaid,lower
691,upper,unknown,jul,housemaid,upper
692,upper,unknown,jul,management,cellular
693,upper,unknown,jul,management,telephone
694,upper,unknown,jul,retired,divorced
695,upper,unknown,jul,retired,married
696,upper,unknown,jul,retired,single
697,upper,unknown,jul,self-employed,divorced
698,upper,unknown,jul,self-employed,married
699,upper,unknown,jul,self-employed,single
700,upper,unknown,jul,services,primary
701,upper,unknown,jul,services,secondary
702,upper,unknown,jul,services,tertiary
703,upper,unknown,jul,student,
704,upper,unknown,jul,technician,divorced
705,upper,unknown,jul,technician,married
706,upper,unknown,jul,technician,single
707,upper,unknown,jul,unemployed,primary
708,upper,unknown,jul,unemployed,secondary
709,upper,unknown,jul,unemployed,tertiary
710,upper,unknown,jun,admin.,lower
711,upper,unknown,jun,admin.,upper
712,upper,unknown,jun,blue-collar,lower
713,upper,unknown,jun,blue-collar,upper
714,upper,unknown,jun,entrepreneur,divorced
715,upper,unknown,jun,entrepreneur,married
716,upper,unknown,jun,entrepreneur,single
717,upper,unknown,jun,housemaid,lower
718,upper,unknown,jun,housemaid,upper
719,upper,unknown,jun,management,primary
720,upper,unknown,jun,management,secondary
721,upper,unknown,jun,management,tertiary
722,upper,unknown,jun,retired,cellular
723,upper,unknown,jun,retired,telephone
724,upper,unknown,jun,self-employed,divorced
725,upper,unknown,jun,self-employed,married
726,upper,unknown,jun,self-employed,single
727,upper,unknown,jun,services,lower
728,upper,unknown,jun,services,upper
729,upper,unknown,jun,student,
730,upper,unknown,jun,technician,lower
731,upper,unknown,jun,technician,upper
732,upper,unknown,jun,unemployed,divorced
733,upper,unknown,jun,unemployed,married
734,upper,unknown,jun,unemployed,single
735,upper,unknown,mar,divorced,
736,upper,unknown,mar,married,lower
737,upper,unknown,mar,married,upper
738,upper,unknown,mar,single,
739,upper,unknown,may,primary,lower
740,upper,unknown,may,primary,upper
741,upper,unknown,may,secondary,admin.
742,upper,unknown,may,secondary,blue-collar
743,upper,unknown,may,secondary,entrepreneur
744,upper,unknown,may,secondary,housemaid
745,upper,unknown,may,secondary,management
746,upper,unknown,may,secondary,retired
747,upper,unknown,may,secondary,self-employed
748,upper,unknown,may,secondary,services
749,upper,unknown,may,secondary,student
750,upper,unknown,may,secondary,technician
751,upper,unknown,may,secondary,unemployed
752,upper,unknown,may,tertiary,lower
753,upper,unknown,may,tertiary,upper
754,upper,unknown,nov,admin.,no
755,upper,unknown,nov,admin.,yes
756,upper,unknown,nov,blue-collar,
757,upper,unknown,nov,entrepreneur,primary
758,upper,unknown,nov,entrepreneur,secondary
759,upper,unknown,nov,entrepreneur,tertiary
760,upper,unknown,nov,housemaid,
761,upper,unknown,nov,management,lower
762,upper,unknown,nov,management,upper
763,upper,unknown,nov,retired,primary
764,upper,unknown,nov,retired,secondary
765,upper,unknown,nov,retired,tertiary
766,upper,unknown,nov,self-employed,divorced
767,upper,unknown,nov,self-employed,married
768,upper,unknown,nov,self-employed,single
769,upper,unknown,nov,services,lower
770,upper,unknown,nov,services,upper
771,upper,unknown,nov,student,
772,upper,unknown,nov,technician,divorced
773,upper,unknown,nov,technician,married
774,upper,unknown,nov,technician,single
775,upper,unknown,nov,unemployed,
776,upper,unknown,oct,admin.,lower
777,upper,unknown,oct,admin.,upper
778,upper,unknown,oct,blue-collar,
779,upper,unknown,oct,entrepreneur,
780,upper,unknown,oct,housemaid,
781,upper,unknown,oct,management,divorced
782,upper,unknown,oct,management,married
783,upper,unknown,oct,management,single
784,upper,unknown,oct,retired,divorced
785,upper,unknown,oct,retired,married
786,upper,unknown,oct,retired,single
787,upper,unknown,oct,self-employed,
788,upper,unknown,oct,services,
789,upper,unknown,oct,student,
790,upper,unknown,oct,technician,
791,upper,unknown,oct,unemployed,
792,upper,unknown,sep,admin.,divorced
793,upper,unknown,sep,admin.,married
794,upper,unknown,sep,admin.,single
795,upper,unknown,sep,blue-collar,
796,upper,unknown,sep,entrepreneur,
797,upper,unknown,sep,housemaid,
798,upper,unknown,sep,management,lower
799,upper,unknown,sep,management,upper
800,upper,unknown,sep,retired,
801,upper,unknown,sep,self-employed,
802,upper,unknown,sep,services,
803,upper,unknown,sep,student,
804,upper,unknown,sep,technician,
805,upper,unknown,sep,unemployed,
0,,,,,
1,no,,,,
2,yes,,,,
3,no,,,,
4,no,,,,
5,no,,,,
6,yes,,,,
7,no,,,,
8,,,,,
9,no,,,,
10,yes,,,,
11,no,,,,
12,no,,,,
13,no,,,,
14,yes,,,,
15,no,,,,
16,no,,,,
17,no,,,,
18,yes,,,,
19,no,,,,
20,yes,,,,
21,no,,,,
22,no,,,,
23,no,,,,
24,no,,,,
25,no,,,,
26,,,,,
27,,,,,
28,,,,,
29,no,,,,
30,no,,,,
31,,,,,
32,yes,,,,
33,no,,,,
34,,,,,
35,no,,,,
36,yes,,,,
37,no,,,,
38,no,,,,
39,no,,,,
40,no,,,,
41,,,,,
42,no,,,,
43,yes,,,,
44,yes,,,,
45,no,,,,
46,no,,,,
47,no,,,,
48,no,,,,
49,no,,,,
50,no,,,,
51,no,,,,
52,no,,,,
53,no,,,,
54,no,,,,
55,,,,,
56,no,,,,
57,no,,,,
58,yes,,,,
59,no,,,,
60,no,,,,
61,no,,,,
62,,,,,
63,,,,,
64,yes,,,,
65,,,,,
66,,,,,
67,,,,,
68,no,,,,
69,,,,,
70,,,,,
71,no,,,,
72,no,,,,
73,no,,,,
74,yes,,,,
75,no,,,,
76,no,,,,
77,no,,,,
78,no,,,,
79,no,,,,
80,no,,,,
81,no,,,,
82,yes,,,,
83,no,,,,
84,no,,,,
85,no,,,,
86,no,,,,
87,yes,,,,
88,no,,,,
89,yes,,,,
90,no,,,,
91,no,,,,
92,no,,,,
93,yes,,,,
94,no,,,,
95,no,,,,
96,yes,,,,
97,no,,,,
98,no,,,,
99,no,,,,
100,no,,,,
101,no,,,,
102,no,,,,
103,no,,,,
104,yes,,,,
105,no,,,,
106,no,,,,
107,no,,,,
108,,,,,
109,no,,,,
110,no,,,,
111,no,,,,
112,no,,,,
113,no,,,,
114,no,,,,
115,no,,,,
116,no,,,,
117,no,,,,
118,no,,,,
119,no,,,,
120,no,,,,
121,no,,,,
122,no,,,,
123,no,,,,
124,no,,,,
125,no,,,,
126,no,,,,
127,,,,,
128,,,,,
129,yes,,,,
130,no,,,,
131,yes,,,,
132,,,,,
133,no,,,,
134,no,,,,
135,,,,,
136,,,,,
137,no,,,,
138,no,,,,
139,no,,,,
140,no,,,,
141,no,,,,
142,yes,,,,
143,,,,,
144,,,,,
145,no,,,,
146,,,,,
147,,,,,
148,yes,,,,
149,,,,,
150,no,,,,
151,,,,,
152,no,,,,
153,no,,,,
154,no,,,,
155,no,,,,
156,yes,,,,
157,no,,,,
158,no,,,,
159,no,,,,
160,no,,,,
161,,,,,
162,no,,,,
163,,,,,
164,,,,,
165,no,,,,
166,,,,,
167,no,,,,
168,no,,,,
169,yes,,,,
170,no,,,,
171,,,,,
172,yes,,,,
173,no,,,,
174,no,,,,
175,yes,,,,
176,no,,,,
177,,,,,
178,yes,,,,
179,yes,,,,
180,no,,,,
181,yes,,,,
182,,,,,
183,yes,,,,
184,no,,,,
185,,,,,
186,no,,,,
187,no,,,,
188,no,,,,
189,no,,,,
190,no,,,,
191,no,,,,
192,no,,,,
193,no,,,,
194,yes,,,,
195,no,,,,
196,no,,,,
197,no,,,,
198,no,,,,
199,no,,,,
200,no,,,,
201,no,,,,
202,no,,,,
203,no,,,,
204,no,,,,
205,yes,,,,
206,no,,,,
207,no,,,,
208,no,,,,
209,yes,,,,
210,no,,,,
211,yes,,,,
212,no,,,,
213,yes,,,,
214,no,,,,
215,yes,,,,
216,no,,,,
217,no,,,,
218,no,,,,
219,no,,,,
220,no,,,,
221,no,,,,
222,no,,,,
223,no,,,,
224,no,,,,
225,no,,,,
226,no,,,,
227,no,,,,
228,no,,,,
229,no,,,,
230,no,,,,
231,no,,,,
232,no,,,,
233,no,,,,
234,yes,,,,
235,no,,,,
236,,,,,
237,no,,,,
238,,,,,
239,yes,,,,
240,no,,,,
241,no,,,,
242,yes,,,,
243,no,,,,
244,yes,,,,
245,,,,,
246,no,,,,
247,no,,,,
248,,,,,
249,no,,,,
250,,,,,
251,no,,,,
252,yes,,,,
253,no,,,,
254,no,,,,
255,no,,,,
256,no,,,,
257,,,,,
258,no,,,,
259,yes,,,,
260,no,,,,
261,no,,,,
262,yes,,,,
263,,,,,
264,no,,,,
265,,,,,
266,no,,,,
267,yes,,,,
268,no,,,,
269,no,,,,
270,yes,,,,
271,no,,,,
272,no,,,,
273,yes,,,,
274,no,,,,
275,no,,,,
276,no,,,,
277,no,,,,
278,no,,,,
279,no,,,,
280,yes,,,,
281,no,,,,
282,,,,,
283,no,,,,
284,yes,,,,
285,no,,,,
286,,,,,
287,no,,,,
288,no,,,,
289,no,,,,
290,,,,,
291,,,,,
292,,,,,
293,yes,,,,
294,no,,,,
295,,,,,
296,no,,,,
297,yes,,,,
298,,,,,
299,yes,,,,
300,no,,,,
301,yes,,,,
302,,,,,
303,,,,,
304,yes,,,,
305,no,,,,
306,no,,,,
307,yes,,,,
308,,,,,
309,,,,,
310,,,,,
311,,,,,
312,,,,,
313,,,,,
314,,,,,
315,no,,,,
316,no,,,,
317,,,,,
318,no,,,,
319,no,,,,
320,no,,,,
321,,,,,
322,no,,,,
323,,,,,
324,no,,,,
325,yes,,,,
326,,,,,
327,no,,,,
328,no,,,,
329,no,,,,
330,,,,,
331,,,,,
332,,,,,
333,,,,,
334,yes,,,,
335,no,,,,
336,no,,,,
337,,,,,
338,,,,,
339,no,,,,
340,,,,,
341,yes,,,,
342,yes,,,,
343,no,,,,
344,no,,,,
345,,,,,
346,,,,,
347,no,,,,
348,yes,,,,
349,yes,,,,
350,,,,,
351,no,,,,
352,yes,,,,
353,no,,,,
354,yes,,,,
355,,,,,
356,no,,,,
357,yes,,,,
358,,,,,
359,no,,,,
360,yes,,,,
361,no,,,,
362,no,,,,
363,,,,,
364,no,,,,
365,yes,,,,
366,,,,,
367,no,,,,
368,no,,,,
369,no,,,,
370,no,,,,
371,no,,,,
372,yes,,,,
373,,,,,
374,no,,,,
375,yes,,,,
376,no,,,,
377,no,,,,
378,no,,,,
379,yes,,,,
380,no,,,,
381,,,,,
382,no,,,,
383,yes,,,,
384,no,,,,
385,,,,,
386,no,,,,
387,no,,,,
388,no,,,,
389,,,,,
390,no,,,,
391,yes,,,,
392,yes,,,,
393,no,,,,
394,,,,,
395,no,,,,
396,no,,,,
397,yes,,,,
398,yes,,,,
399,no,,,,
400,,,,,
401,,,,,
402,yes,,,,
403,no,,,,
404,yes,,,,
405,no,,,,
406,yes,,,,
407,,,,,
408,no,,,,
409,yes,,,,
410,no,,,,
411,no,,,,
412,,,,,
413,,,,,
414,,,,,
415,,,,,
416,no,,,,
417,yes,,,,
418,no,,,,
419,no,,,,
420,,,,,
421,yes,,,,
422,no,,,,
423,no,,,,
424,no,,,,
425,,,,,
426,no,,,,
427,no,,,,
428,no,,,,
429,,,,,
430,,,,,
431,yes,,,,
432,no,,,,
433,,,,,
434,,,,,
435,no,,,,
436,,,,,
437,,,,,
438,yes,,,,
439,,,,,
440,no,,,,
441,no,,,,
442,yes,,,,
443,,,,,
444,no,,,,
445,no,,,,
446,yes,,,,
447,no,,,,
448,yes,,,,
449,no,,,,
450,yes,,,,
451,,,,,
452,yes,,,,
453,no,,,,
454,no,,,,
455,yes,,,,
456,,,,,
457,,,,,
458,yes,,,,
459,no,,,,
460,no,,,,
461,yes,,,,
462,,,,,
463,,,,,
464,,,,,
465,yes,,,,
466,,,,,
467,,,,,
468,,,,,
469,,,,,
470,,,,,
471,yes,,,,
472,no,,,,
473,no,,,,
474,no,,,,
475,,,,,
476,no,,,,
477,yes,,,,
478,no,,,,
479,no,,,,
480,no,,,,
481,no,,,,
482,no,,,,
483,yes,,,,
484,,,,,
485,,,,,
486,no,,,,
487,no,,,,
488,yes,,,,
489,,,,,
490,no,,,,
491,yes,,,,
492,no,,,,
493,,,,,
494,yes,,,,
495,no,,,,
496,yes,,,,
497,,,,,
498,no,,,,
499,no,,,,
500,yes,,,,
501,no,,,,
502,no,,,,
503,yes,,,,
504,no,,,,
505,yes,,,,
506,yes,,,,
507,no,,,,
508,,,,,
509,,,,,
510,,,,,
511,no,,,,
512,yes,,,,
513,,,,,
514,,,,,
515,,,,,
516,no,,,,
517,,,,,
518,,,,,
519,,,,,
520,,,,,
521,,,,,
522,yes,,,,
523,yes,,,,
524,no,,,,
525,yes,,,,
526,yes,,,,
527,yes,,,,
528,,,,,
529,no,,,,
530,yes,,,,
531,yes,,,,
532,,,,,
533,,,,,
534,,,,,
535,,,,,
536,no,,,,
537,,,,,
538,,,,,
539,,,,,
540,yes,,,,
541,,,,,
542,yes,,,,
543,yes,,,,
544,yes,,,,
545,,,,,
546,,,,,
547,yes,,,,
548,yes,,,,
549,,,,,
550,yes,,,,
551,,,,,
552,yes,,,,
553,,,,,
554,no,,,,
555,,,,,
556,yes,,,,
557,,,,,
558,,,,,
559,no,,,,
560,yes,,,,
561,,,,,
562,,,,,
563,yes,,,,
564,yes,,,,
565,no,,,,
566,yes,,,,
567,yes,,,,
568,yes,,,,
569,,,,,
570,,,,,
571,yes,,,,
572,yes,,,,
573,,,,,
574,,,,,
575,no,,,,
576,yes,,,,
577,no,,,,
578,,,,,
579,yes,,,,
580,yes,,,,
581,no,,,,
582,yes,,,,
583,,,,,
584,yes,,,,
585,yes,,,,
586,no,,,,
587,no,,,,
588,yes,,,,
589,yes,,,,
590,yes,,,,
591,no,,,,
592,no,,,,
593,no,,,,
594,no,,,,
595,no,,,,
596,,,,,
597,no,,,,
598,no,,,,
599,no,,,,
600,no,,,,
601,no,,,,
602,no,,,,
603,no,,,,
604,no,,,,
605,no,,,,
606,,,,,
607,no,,,,
608,yes,,,,
609,no,,,,
610,,,,,
611,no,,,,
612,no,,,,
613,no,,,,
614,no,,,,
615,yes,,,,
616,yes,,,,
617,no,,,,
618,yes,,,,
619,no,,,,
620,no,,,,
621,no,,,,
622,no,,,,
623,no,,,,
624,yes,,,,
625,no,,,,
626,,,,,
627,yes,,,,
628,,,,,
629,no,,,,
630,yes,,,,
631,yes,,,,
632,,,,,
633,no,,,,
634,yes,,,,
635,no,,,,
636,,,,,
637,no,,,,
638,,,,,
639,no,,,,
640,no,,,,
641,no,,,,
642,no,,,,
643,no,,,,
644,no,,,,
645,no,,,,
646,no,,,,
647,,,,,
648,no,,,,
649,no,,,,
650,yes,,,,
651,,,,,
652,,,,,
653,,,,,
654,yes,,,,
655,yes,,,,
656,yes,,,,
657,,,,,
658,,,,,
659,no,,,,
660,no,,,,
661,yes,,,,
662,no,,,,
663,,,,,
664,,,,,
665,yes,,,,
666,yes,,,,
667,,,,,
668,,,,,
669,,,,,
670,yes,,,,
671,,,,,
672,no,,,,
673,no,,,,
674,no,,,,
675,no,,,,
676,no,,,,
677,no,,,,
678,no,,,,
679,no,,,,
680,no,,,,
681,no,,,,
682,no,,,,
683,no,,,,
684,yes,,,,
685,no,,,,
686,no,,,,
687,yes,,,,
688,no,,,,
689,no,,,,
690,no,,,,
691,no,,,,
692,no,,,,
693,no,,,,
694,no,,,,
695,no,,,,
696,yes,,,,
697,no,,,,
698,no,,,,
699,yes,,,,
700,no,,,,
701,no,,,,
702,no,,,,
703,yes,,,,
704,no,,,,
705,no,,,,
706,no,,,,
707,no,,,,
708,no,,,,
709,yes,,,,
710,no,,,,
711,no,,,,
712,no,,,,
713,no,,,,
714,no,,,,
715,no,,,,
716,no,,,,
717,no,,,,
718,no,,,,
719,no,,,,
720,no,,,,
721,no,,,,
722,no,,,,
723,yes,,,,
724,no,,,,
725,no,,,,
726,no,,,,
727,no,,,,
728,no,,,,
729,yes,,,,
730,no,,,,
731,no,,,,
732,no,,,,
733,no,,,,
734,no,,,,
735,no,,,,
736,yes,,,,
737,no,,,,
738,yes,,,,
739,no,,,,
740,no,,,,
741,no,,,,
742,no,,,,
743,no,,,,
744,no,,,,
745,no,,,,
746,no,,,,
747,no,,,,
748,no,,,,
749,no,,,,
750,no,,,,
751,no,,,,
752,no,,,,
753,no,,,,
754,no,,,,
755,no,,,,
756,no,,,,
757,yes,,,,
758,no,,,,
759,no,,,,
760,no,,,,
761,no,,,,
762,no,,,,
763,no,,,,
764,no,,,,
765,no,,,,
766,,,,,
767,no,,,,
768,no,,,,
769,no,,,,
770,no,,,,
771,no,,,,
772,no,,,,
773,no,,,,
774,no,,,,
775,no,,,,
776,yes,,,,
777,no,,,,
778,yes,,,,
779,,,,,
780,,,,,
781,yes,,,,
782,no,,,,
783,yes,,,,
784,no,,,,
785,no,,,,
786,yes,,,,
787,yes,,,,
788,,,,,
789,yes,,,,
790,yes,,,,
791,,,,,
792,,,,,
793,no,,,,
794,no,,,,
795,yes,,,,
796,yes,,,,
797,,,,,
798,no,,,,
799,yes,,,,
800,yes,,,,
801,,,,,
802,no,,,,
803,no,,,,
804,yes,,,,
805,no,,,,
